generation_id,plant_id,generation_date,generated_energy_kwh,expected_energy_kwh,availability_rate,measurement_status,source_updated_at,extracted_at,batch_id
GEN-PLANT-001-2026-08-01,PLANT-001,2026-08-01,5409.31,6380,0.9292,FINAL,2026-08-02T06:00:00Z,2026-09-01T10:00:00Z,batch-20260901-001
GEN-PLANT-002-2026-08-01,PLANT-002,2026-08-01,8297.31,9240,0.9809,FINAL,2026-08-02T06:00:00Z,2026-09-01T10:00:00Z,batch-20260901-001
GEN-PLANT-003-2026-08-01,PLANT-003,2026-08-01,3954.65,4312,0.9572,FINAL,2026-08-02T06:00:00Z,2026-09-01T10:00:00Z,batch-20260901-001
GEN-PLANT-004-2026-08-01,PLANT-004,2026-08-01,9949.9,10850,0.9617,FINAL,2026-08-02T06:00:00Z,2026-09-01T10:00:00Z,batch-20260901-001
GEN-PLANT-005-2026-08-01,PLANT-005,2026-08-01,18776.34,19840,0.9587,FINAL,2026-08-02T06:00:00Z,2026-09-01T10:00:00Z,batch-20260901-001
GEN-PLANT-006-2026-08-01,PLANT-006,2026-08-01,5533,5544,0.9676,FINAL,2026-08-02T06:00:00Z,2026-09-01T10:00:00Z,batch-20260901-001
GEN-PLANT-007-2026-08-01,PLANT-007,2026-08-01,7284.65,8272,0.9799,FINAL,2026-08-02T06:00:00Z,2026-09-01T10:00:00Z,batch-20260901-001
GEN-PLANT-008-2026-08-01,PLANT-008,2026-08-01,1891.27,2200,0.9329,FINAL,2026-08-02T06:00:00Z,2026-09-01T10:00:00Z,batch-20260901-001
GEN-PLANT-001-2026-08-02,PLANT-001,2026-08-02,5672.18,6380,0.921,FINAL,2026-08-03T06:00:00Z,2026-09-01T10:00:00Z,batch-20260901-001
GEN-PLANT-002-2026-08-02,PLANT-002,2026-08-02,8239.1,9240,0.9946,FINAL,2026-08-03T06:00:00Z,2026-09-01T10:00:00Z,batch-20260901-001
GEN-PLANT-003-2026-08-02,PLANT-003,2026-08-02,4064.53,4312,0.9173,FINAL,2026-08-03T06:00:00Z,2026-09-01T10:00:00Z,batch-20260901-001
GEN-PLANT-004-2026-08-02,PLANT-004,2026-08-02,10187.53,10850,0.9665,FINAL,2026-08-03T06:00:00Z,2026-09-01T10:00:00Z,batch-20260901-001
GEN-PLANT-005-2026-08-02,PLANT-005,2026-08-02,16754.41,19840,0.9349,FINAL,2026-08-03T06:00:00Z,2026-09-01T10:00:00Z,batch-20260901-001
GEN-PLANT-006-2026-08-02,PLANT-006,2026-08-02,4813.49,5544,0.9849,FINAL,2026-08-03T06:00:00Z,2026-09-01T10:00:00Z,batch-20260901-001
GEN-PLANT-007-2026-08-02,PLANT-007,2026-08-02,7382.1,8272,0.9774,FINAL,2026-08-03T06:00:00Z,2026-09-01T10:00:00Z,batch-20260901-001
GEN-PLANT-008-2026-08-02,PLANT-008,2026-08-02,2053.05,2200,0.9129,FINAL,2026-08-03T06:00:00Z,2026-09-01T10:00:00Z,batch-20260901-001
GEN-PLANT-001-2026-08-03,PLANT-001,2026-08-03,6615.35,6380,0.9811,FINAL,2026-08-04T06:00:00Z,2026-09-01T10:00:00Z,batch-20260901-001
GEN-PLANT-002-2026-08-03,PLANT-002,2026-08-03,8874.21,9240,0.926,FINAL,2026-08-04T06:00:00Z,2026-09-01T10:00:00Z,batch-20260901-001
GEN-PLANT-003-2026-08-03,PLANT-003,2026-08-03,4447.03,4312,0.9885,FINAL,2026-08-04T06:00:00Z,2026-09-01T10:00:00Z,batch-20260901-001
GEN-PLANT-004-2026-08-03,PLANT-004,2026-08-03,8804.97,10850,0.9146,FINAL,2026-08-04T06:00:00Z,2026-09-01T10:00:00Z,batch-20260901-001
GEN-PLANT-005-2026-08-03,PLANT-005,2026-08-03,19915.83,19840,0.9768,FINAL,2026-08-04T06:00:00Z,2026-09-01T10:00:00Z,batch-20260901-001
GEN-PLANT-006-2026-08-03,PLANT-006,2026-08-03,5078.38,5544,0.946,FINAL,2026-08-04T06:00:00Z,2026-09-01T10:00:00Z,batch-20260901-001
GEN-PLANT-007-2026-08-03,PLANT-007,2026-08-03,7944.74,8272,0.9892,FINAL,2026-08-04T06:00:00Z,2026-09-01T10:00:00Z,batch-20260901-001
GEN-PLANT-008-2026-08-03,PLANT-008,2026-08-03,1895.4,2200,0.9311,FINAL,2026-08-04T06:00:00Z,2026-09-01T10:00:00Z,batch-20260901-001
GEN-PLANT-001-2026-08-04,PLANT-001,2026-08-04,5411.56,6380,0.9525,FINAL,2026-08-05T06:00:00Z,2026-09-01T10:00:00Z,batch-20260901-001
GEN-PLANT-002-2026-08-04,PLANT-002,2026-08-04,9009.81,9240,0.9719,FINAL,2026-08-05T06:00:00Z,2026-09-01T10:00:00Z,batch-20260901-001
GEN-PLANT-003-2026-08-04,PLANT-003,2026-08-04,4229.89,4312,0.985,FINAL,2026-08-05T06:00:00Z,2026-09-01T10:00:00Z,batch-20260901-001
GEN-PLANT-004-2026-08-04,PLANT-004,2026-08-04,9302.51,10850,0.9387,FINAL,2026-08-05T06:00:00Z,2026-09-01T10:00:00Z,batch-20260901-001
GEN-PLANT-005-2026-08-04,PLANT-005,2026-08-04,17177.92,19840,0.9124,FINAL,2026-08-05T06:00:00Z,2026-09-01T10:00:00Z,batch-20260901-001
GEN-PLANT-006-2026-08-04,PLANT-006,2026-08-04,5242.28,5544,0.9118,FINAL,2026-08-05T06:00:00Z,2026-09-01T10:00:00Z,batch-20260901-001
GEN-PLANT-007-2026-08-04,PLANT-007,2026-08-04,8068.05,8272,0.935,FINAL,2026-08-05T06:00:00Z,2026-09-01T10:00:00Z,batch-20260901-001
GEN-PLANT-008-2026-08-04,PLANT-008,2026-08-04,1959.86,2200,0.9923,FINAL,2026-08-05T06:00:00Z,2026-09-01T10:00:00Z,batch-20260901-001
GEN-PLANT-001-2026-08-05,PLANT-001,2026-08-05,6165.82,6380,0.9624,FINAL,2026-08-06T06:00:00Z,2026-09-01T10:00:00Z,batch-20260901-001
GEN-PLANT-002-2026-08-05,PLANT-002,2026-08-05,8554.52,9240,0.9931,FINAL,2026-08-06T06:00:00Z,2026-09-01T10:00:00Z,batch-20260901-001
GEN-PLANT-003-2026-08-05,PLANT-003,2026-08-05,3686.95,4312,0.9613,FINAL,2026-08-06T06:00:00Z,2026-09-01T10:00:00Z,batch-20260901-001
GEN-PLANT-004-2026-08-05,PLANT-004,2026-08-05,10123.54,10850,0.9251,FINAL,2026-08-06T06:00:00Z,2026-09-01T10:00:00Z,batch-20260901-001
GEN-PLANT-005-2026-08-05,PLANT-005,2026-08-05,17502.85,19840,0.9537,FINAL,2026-08-06T06:00:00Z,2026-09-01T10:00:00Z,batch-20260901-001
GEN-PLANT-006-2026-08-05,PLANT-006,2026-08-05,5001.98,5544,0.9296,FINAL,2026-08-06T06:00:00Z,2026-09-01T10:00:00Z,batch-20260901-001
GEN-PLANT-007-2026-08-05,PLANT-007,2026-08-05,6774.09,8272,0.9274,FINAL,2026-08-06T06:00:00Z,2026-09-01T10:00:00Z,batch-20260901-001
GEN-PLANT-008-2026-08-05,PLANT-008,2026-08-05,1964.88,2200,0.9687,FINAL,2026-08-06T06:00:00Z,2026-09-01T10:00:00Z,batch-20260901-001
GEN-PLANT-001-2026-08-06,PLANT-001,2026-08-06,5796.85,6380,0.962,FINAL,2026-08-07T06:00:00Z,2026-09-01T10:00:00Z,batch-20260901-001
GEN-PLANT-002-2026-08-06,PLANT-002,2026-08-06,8983.45,9240,0.9445,FINAL,2026-08-07T06:00:00Z,2026-09-01T10:00:00Z,batch-20260901-001
GEN-PLANT-003-2026-08-06,PLANT-003,2026-08-06,4129.26,4312,0.9789,FINAL,2026-08-07T06:00:00Z,2026-09-01T10:00:00Z,batch-20260901-001
GEN-PLANT-004-2026-08-06,PLANT-004,2026-08-06,10545.96,10850,0.9753,FINAL,2026-08-07T06:00:00Z,2026-09-01T10:00:00Z,batch-20260901-001
GEN-PLANT-005-2026-08-06,PLANT-005,2026-08-06,18252.28,19840,0.9659,FINAL,2026-08-07T06:00:00Z,2026-09-01T10:00:00Z,batch-20260901-001
GEN-PLANT-006-2026-08-06,PLANT-006,2026-08-06,4980.24,5544,0.9679,FINAL,2026-08-07T06:00:00Z,2026-09-01T10:00:00Z,batch-20260901-001
GEN-PLANT-007-2026-08-06,PLANT-007,2026-08-06,8087.24,8272,0.9264,FINAL,2026-08-07T06:00:00Z,2026-09-01T10:00:00Z,batch-20260901-001
GEN-PLANT-008-2026-08-06,PLANT-008,2026-08-06,2023.39,2200,0.939,FINAL,2026-08-07T06:00:00Z,2026-09-01T10:00:00Z,batch-20260901-001
GEN-PLANT-001-2026-08-07,PLANT-001,2026-08-07,5302.76,6380,0.9192,FINAL,2026-08-08T06:00:00Z,2026-09-01T10:00:00Z,batch-20260901-001
GEN-PLANT-002-2026-08-07,PLANT-002,2026-08-07,8786.26,9240,0.9163,FINAL,2026-08-08T06:00:00Z,2026-09-01T10:00:00Z,batch-20260901-001
GEN-PLANT-003-2026-08-07,PLANT-003,2026-08-07,3499.49,4312,0.9128,FINAL,2026-08-08T06:00:00Z,2026-09-01T10:00:00Z,batch-20260901-001
GEN-PLANT-004-2026-08-07,PLANT-004,2026-08-07,9665.49,10850,0.9746,FINAL,2026-08-08T06:00:00Z,2026-09-01T10:00:00Z,batch-20260901-001
GEN-PLANT-005-2026-08-07,PLANT-005,2026-08-07,17294.62,19840,0.9468,FINAL,2026-08-08T06:00:00Z,2026-09-01T10:00:00Z,batch-20260901-001
GEN-PLANT-006-2026-08-07,PLANT-006,2026-08-07,5389.82,5544,0.9453,FINAL,2026-08-08T06:00:00Z,2026-09-01T10:00:00Z,batch-20260901-001
GEN-PLANT-007-2026-08-07,PLANT-007,2026-08-07,6941.83,8272,0.9275,FINAL,2026-08-08T06:00:00Z,2026-09-01T10:00:00Z,batch-20260901-001
GEN-PLANT-008-2026-08-07,PLANT-008,2026-08-07,2163.85,2200,0.9904,FINAL,2026-08-08T06:00:00Z,2026-09-01T10:00:00Z,batch-20260901-001
GEN-PLANT-001-2026-08-08,PLANT-001,2026-08-08,6008.15,6380,0.9686,FINAL,2026-08-09T06:00:00Z,2026-09-01T10:00:00Z,batch-20260901-001
GEN-PLANT-002-2026-08-08,PLANT-002,2026-08-08,8146.24,9240,0.9776,FINAL,2026-08-09T06:00:00Z,2026-09-01T10:00:00Z,batch-20260901-001
GEN-PLANT-003-2026-08-08,PLANT-003,2026-08-08,4077.39,4312,0.9492,FINAL,2026-08-09T06:00:00Z,2026-09-01T10:00:00Z,batch-20260901-001
GEN-PLANT-004-2026-08-08,PLANT-004,2026-08-08,9321.27,10850,0.9698,FINAL,2026-08-09T06:00:00Z,2026-09-01T10:00:00Z,batch-20260901-001
GEN-PLANT-005-2026-08-08,PLANT-005,2026-08-08,17238.04,19840,0.9667,FINAL,2026-08-09T06:00:00Z,2026-09-01T10:00:00Z,batch-20260901-001
GEN-PLANT-006-2026-08-08,PLANT-006,2026-08-08,4844.67,5544,0.9809,FINAL,2026-08-09T06:00:00Z,2026-09-01T10:00:00Z,batch-20260901-001
GEN-PLANT-007-2026-08-08,PLANT-007,2026-08-08,7562.78,8272,0.9368,FINAL,2026-08-09T06:00:00Z,2026-09-01T10:00:00Z,batch-20260901-001
GEN-PLANT-008-2026-08-08,PLANT-008,2026-08-08,2075.78,2200,0.9112,FINAL,2026-08-09T06:00:00Z,2026-09-01T10:00:00Z,batch-20260901-001
GEN-PLANT-001-2026-08-09,PLANT-001,2026-08-09,6216.35,6380,0.9679,FINAL,2026-08-10T06:00:00Z,2026-09-01T10:00:00Z,batch-20260901-001
GEN-PLANT-002-2026-08-09,PLANT-002,2026-08-09,7625,9240,0.9346,FINAL,2026-08-10T06:00:00Z,2026-09-01T10:00:00Z,batch-20260901-001
GEN-PLANT-003-2026-08-09,PLANT-003,2026-08-09,3960.47,4312,0.9235,FINAL,2026-08-10T06:00:00Z,2026-09-01T10:00:00Z,batch-20260901-001
GEN-PLANT-004-2026-08-09,PLANT-004,2026-08-09,10329.1,10850,0.9903,FINAL,2026-08-10T06:00:00Z,2026-09-01T10:00:00Z,batch-20260901-001
GEN-PLANT-005-2026-08-09,PLANT-005,2026-08-09,17358.3,19840,0.9737,FINAL,2026-08-10T06:00:00Z,2026-09-01T10:00:00Z,batch-20260901-001
GEN-PLANT-006-2026-08-09,PLANT-006,2026-08-09,5396.32,5544,0.9446,FINAL,2026-08-10T06:00:00Z,2026-09-01T10:00:00Z,batch-20260901-001
GEN-PLANT-007-2026-08-09,PLANT-007,2026-08-09,7625.26,8272,0.9504,FINAL,2026-08-10T06:00:00Z,2026-09-01T10:00:00Z,batch-20260901-001
GEN-PLANT-008-2026-08-09,PLANT-008,2026-08-09,2168.86,2200,0.9304,FINAL,2026-08-10T06:00:00Z,2026-09-01T10:00:00Z,batch-20260901-001
GEN-PLANT-001-2026-08-10,PLANT-001,2026-08-10,5952.65,6380,0.981,FINAL,2026-08-11T06:00:00Z,2026-09-01T10:00:00Z,batch-20260901-001
GEN-PLANT-002-2026-08-10,PLANT-002,2026-08-10,8903.35,9240,0.9768,FINAL,2026-08-11T06:00:00Z,2026-09-01T10:00:00Z,batch-20260901-001
GEN-PLANT-003-2026-08-10,PLANT-003,2026-08-10,3930.16,4312,0.9465,FINAL,2026-08-11T06:00:00Z,2026-09-01T10:00:00Z,batch-20260901-001
GEN-PLANT-004-2026-08-10,PLANT-004,2026-08-10,10478.09,10850,0.9193,FINAL,2026-08-11T06:00:00Z,2026-09-01T10:00:00Z,batch-20260901-001
GEN-PLANT-005-2026-08-10,PLANT-005,2026-08-10,19157.6,19840,0.9923,FINAL,2026-08-11T06:00:00Z,2026-09-01T10:00:00Z,batch-20260901-001
GEN-PLANT-006-2026-08-10,PLANT-006,2026-08-10,5105.16,5544,0.9598,FINAL,2026-08-11T06:00:00Z,2026-09-01T10:00:00Z,batch-20260901-001
GEN-PLANT-007-2026-08-10,PLANT-007,2026-08-10,7215.66,8272,0.9186,FINAL,2026-08-11T06:00:00Z,2026-09-01T10:00:00Z,batch-20260901-001
GEN-PLANT-008-2026-08-10,PLANT-008,2026-08-10,2115.45,2200,0.9204,FINAL,2026-08-11T06:00:00Z,2026-09-01T10:00:00Z,batch-20260901-001
GEN-PLANT-001-2026-08-11,PLANT-001,2026-08-11,5744.21,6380,0.9746,FINAL,2026-08-12T06:00:00Z,2026-09-01T10:00:00Z,batch-20260901-001
GEN-PLANT-002-2026-08-11,PLANT-002,2026-08-11,7959.95,9240,0.9189,FINAL,2026-08-12T06:00:00Z,2026-09-01T10:00:00Z,batch-20260901-001
GEN-PLANT-003-2026-08-11,PLANT-003,2026-08-11,3931.02,4312,0.953,FINAL,2026-08-12T06:00:00Z,2026-09-01T10:00:00Z,batch-20260901-001
GEN-PLANT-004-2026-08-11,PLANT-004,2026-08-11,10343.91,10850,0.9689,FINAL,2026-08-12T06:00:00Z,2026-09-01T10:00:00Z,batch-20260901-001
GEN-PLANT-005-2026-08-11,PLANT-005,2026-08-11,17264.71,19840,0.9379,FINAL,2026-08-12T06:00:00Z,2026-09-01T10:00:00Z,batch-20260901-001
GEN-PLANT-006-2026-08-11,PLANT-006,2026-08-11,4705.1,5544,0.9329,FINAL,2026-08-12T06:00:00Z,2026-09-01T10:00:00Z,batch-20260901-001
GEN-PLANT-007-2026-08-11,PLANT-007,2026-08-11,7701.44,8272,0.9177,FINAL,2026-08-12T06:00:00Z,2026-09-01T10:00:00Z,batch-20260901-001
GEN-PLANT-008-2026-08-11,PLANT-008,2026-08-11,1996.34,2200,0.952,FINAL,2026-08-12T06:00:00Z,2026-09-01T10:00:00Z,batch-20260901-001
GEN-PLANT-001-2026-08-12,PLANT-001,2026-08-12,5861.77,6380,0.9245,FINAL,2026-08-13T06:00:00Z,2026-09-01T10:00:00Z,batch-20260901-001
GEN-PLANT-002-2026-08-12,PLANT-002,2026-08-12,9293.27,9240,0.9522,FINAL,2026-08-13T06:00:00Z,2026-09-01T10:00:00Z,batch-20260901-001
GEN-PLANT-003-2026-08-12,PLANT-003,2026-08-12,-125.5,4312,0.9127,FINAL,2026-08-13T06:00:00Z,2026-09-01T10:00:00Z,batch-20260901-001
GEN-PLANT-004-2026-08-12,PLANT-004,2026-08-12,9461.56,10850,0.9391,FINAL,2026-08-13T06:00:00Z,2026-09-01T10:00:00Z,batch-20260901-001
GEN-PLANT-005-2026-08-12,PLANT-005,2026-08-12,17855.53,19840,0.9806,FINAL,2026-08-13T06:00:00Z,2026-09-01T10:00:00Z,batch-20260901-001
GEN-PLANT-006-2026-08-12,PLANT-006,2026-08-12,4795.56,5544,0.944,FINAL,2026-08-13T06:00:00Z,2026-09-01T10:00:00Z,batch-20260901-001
GEN-PLANT-007-2026-08-12,PLANT-007,2026-08-12,8020.07,8272,0.9219,FINAL,2026-08-13T06:00:00Z,2026-09-01T10:00:00Z,batch-20260901-001
GEN-PLANT-008-2026-08-12,PLANT-008,2026-08-12,2002.4,2200,0.9691,FINAL,2026-08-13T06:00:00Z,2026-09-01T10:00:00Z,batch-20260901-001
GEN-PLANT-001-2026-08-13,PLANT-001,2026-08-13,6164.17,6380,0.9291,FINAL,2026-08-14T06:00:00Z,2026-09-01T10:00:00Z,batch-20260901-001
GEN-PLANT-002-2026-08-13,PLANT-002,2026-08-13,8102.39,9240,0.958,FINAL,2026-08-14T06:00:00Z,2026-09-01T10:00:00Z,batch-20260901-001
GEN-PLANT-003-2026-08-13,PLANT-003,2026-08-13,3941.28,4312,0.9892,FINAL,2026-08-14T06:00:00Z,2026-09-01T10:00:00Z,batch-20260901-001
GEN-PLANT-004-2026-08-13,PLANT-004,2026-08-13,11189.83,10850,0.9763,FINAL,2026-08-14T06:00:00Z,2026-09-01T10:00:00Z,batch-20260901-001
GEN-PLANT-005-2026-08-13,PLANT-005,2026-08-13,18234.86,19840,0.9346,FINAL,2026-08-14T06:00:00Z,2026-09-01T10:00:00Z,batch-20260901-001
GEN-PLANT-006-2026-08-13,PLANT-006,2026-08-13,5233.46,5544,0.924,FINAL,2026-08-14T06:00:00Z,2026-09-01T10:00:00Z,batch-20260901-001
GEN-PLANT-007-2026-08-13,PLANT-007,2026-08-13,7150.99,8272,0.96,FINAL,2026-08-14T06:00:00Z,2026-09-01T10:00:00Z,batch-20260901-001
GEN-PLANT-008-2026-08-13,PLANT-008,2026-08-13,2009.59,2200,0.9806,FINAL,2026-08-14T06:00:00Z,2026-09-01T10:00:00Z,batch-20260901-001
GEN-PLANT-001-2026-08-14,PLANT-001,2026-08-14,5589.23,6380,0.9348,FINAL,2026-08-15T06:00:00Z,2026-09-01T10:00:00Z,batch-20260901-001
GEN-PLANT-002-2026-08-14,PLANT-002,2026-08-14,8191.35,9240,0.9371,FINAL,2026-08-15T06:00:00Z,2026-09-01T10:00:00Z,batch-20260901-001
GEN-PLANT-003-2026-08-14,PLANT-003,2026-08-14,4019.73,4312,0.923,FINAL,2026-08-15T06:00:00Z,2026-09-01T10:00:00Z,batch-20260901-001
GEN-PLANT-004-2026-08-14,PLANT-004,2026-08-14,9976.06,10850,0.9155,FINAL,2026-08-15T06:00:00Z,2026-09-01T10:00:00Z,batch-20260901-001
GEN-PLANT-005-2026-08-14,PLANT-005,2026-08-14,17734.22,19840,0.938,FINAL,2026-08-15T06:00:00Z,2026-09-01T10:00:00Z,batch-20260901-001
GEN-PLANT-006-2026-08-14,PLANT-006,2026-08-14,5146.84,5544,0.9932,FINAL,2026-08-15T06:00:00Z,2026-09-01T10:00:00Z,batch-20260901-001
GEN-PLANT-007-2026-08-14,PLANT-007,2026-08-14,7006.54,8272,0.9161,FINAL,2026-08-15T06:00:00Z,2026-09-01T10:00:00Z,batch-20260901-001
GEN-PLANT-008-2026-08-14,PLANT-008,2026-08-14,2300.47,2200,0.9894,FINAL,2026-08-15T06:00:00Z,2026-09-01T10:00:00Z,batch-20260901-001
GEN-PLANT-001-2026-08-15,PLANT-001,2026-08-15,6368.36,6380,0.946,FINAL,2026-08-16T06:00:00Z,2026-09-01T10:00:00Z,batch-20260901-001
GEN-PLANT-002-2026-08-15,PLANT-002,2026-08-15,9257.45,9240,0.9818,FINAL,2026-08-16T06:00:00Z,2026-09-01T10:00:00Z,batch-20260901-001
GEN-PLANT-003-2026-08-15,PLANT-003,2026-08-15,4221.31,4312,0.9639,FINAL,2026-08-16T06:00:00Z,2026-09-01T10:00:00Z,batch-20260901-001
GEN-PLANT-004-2026-08-15,PLANT-004,2026-08-15,10643.62,10850,0.9926,FINAL,2026-08-16T06:00:00Z,2026-09-01T10:00:00Z,batch-20260901-001
GEN-PLANT-005-2026-08-15,PLANT-005,2026-08-15,17093.23,19840,0.9223,FINAL,2026-08-16T06:00:00Z,2026-09-01T10:00:00Z,batch-20260901-001
GEN-PLANT-006-2026-08-15,PLANT-006,2026-08-15,5697.28,5544,0.9929,FINAL,2026-08-16T06:00:00Z,2026-09-01T10:00:00Z,batch-20260901-001
GEN-PLANT-007-2026-08-15,PLANT-007,2026-08-15,7948.69,8272,0.9385,FINAL,2026-08-16T06:00:00Z,2026-09-01T10:00:00Z,batch-20260901-001
GEN-PLANT-008-2026-08-15,PLANT-008,2026-08-15,1934.01,2200,0.923,FINAL,2026-08-16T06:00:00Z,2026-09-01T10:00:00Z,batch-20260901-001
GEN-PLANT-001-2026-08-16,PLANT-001,2026-08-16,5505.42,6380,0.9421,FINAL,2026-08-17T06:00:00Z,2026-09-01T10:00:00Z,batch-20260901-001
GEN-PLANT-002-2026-08-16,PLANT-002,2026-08-16,8229.66,9240,0.9258,FINAL,2026-08-17T06:00:00Z,2026-09-01T10:00:00Z,batch-20260901-001
GEN-PLANT-003-2026-08-16,PLANT-003,2026-08-16,3796.65,4312,0.9139,FINAL,2026-08-17T06:00:00Z,2026-09-01T10:00:00Z,batch-20260901-001
GEN-PLANT-004-2026-08-16,PLANT-004,2026-08-16,10979.03,10850,0.9583,FINAL,2026-08-17T06:00:00Z,2026-09-01T10:00:00Z,batch-20260901-001
GEN-PLANT-005-2026-08-16,PLANT-005,2026-08-16,17421.34,19840,0.9916,FINAL,2026-08-17T06:00:00Z,2026-09-01T10:00:00Z,batch-20260901-001
GEN-PLANT-006-2026-08-16,PLANT-006,2026-08-16,5788.69,5544,0.9855,FINAL,2026-08-17T06:00:00Z,2026-09-01T10:00:00Z,batch-20260901-001
GEN-PLANT-007-2026-08-16,PLANT-007,2026-08-16,8081.38,8272,0.9759,FINAL,2026-08-17T06:00:00Z,2026-09-01T10:00:00Z,batch-20260901-001
GEN-PLANT-008-2026-08-16,PLANT-008,2026-08-16,2078.77,2200,0.9932,FINAL,2026-08-17T06:00:00Z,2026-09-01T10:00:00Z,batch-20260901-001
GEN-PLANT-001-2026-08-17,PLANT-001,2026-08-17,6151.74,6380,0.9728,FINAL,2026-08-18T06:00:00Z,2026-09-01T10:00:00Z,batch-20260901-001
GEN-PLANT-002-2026-08-17,PLANT-002,2026-08-17,7777.56,9240,0.9347,FINAL,2026-08-18T06:00:00Z,2026-09-01T10:00:00Z,batch-20260901-001
GEN-PLANT-003-2026-08-17,PLANT-003,2026-08-17,4156.65,4312,0.9522,FINAL,2026-08-18T06:00:00Z,2026-09-01T10:00:00Z,batch-20260901-001
GEN-PLANT-004-2026-08-17,PLANT-004,2026-08-17,9812.83,10850,1.15,FINAL,2026-08-18T06:00:00Z,2026-09-01T10:00:00Z,batch-20260901-001
GEN-PLANT-005-2026-08-17,PLANT-005,2026-08-17,17018.02,19840,0.922,FINAL,2026-08-18T06:00:00Z,2026-09-01T10:00:00Z,batch-20260901-001
GEN-PLANT-006-2026-08-17,PLANT-006,2026-08-17,5002.87,5544,0.9931,FINAL,2026-08-18T06:00:00Z,2026-09-01T10:00:00Z,batch-20260901-001
GEN-PLANT-007-2026-08-17,PLANT-007,2026-08-17,8459.65,8272,0.9919,FINAL,2026-08-18T06:00:00Z,2026-09-01T10:00:00Z,batch-20260901-001
GEN-PLANT-008-2026-08-17,PLANT-008,2026-08-17,2209.54,2200,0.9825,FINAL,2026-08-18T06:00:00Z,2026-09-01T10:00:00Z,batch-20260901-001
GEN-PLANT-001-2026-08-18,PLANT-001,2026-08-18,5334.34,6380,0.9366,FINAL,2026-08-19T06:00:00Z,2026-09-01T10:00:00Z,batch-20260901-001
GEN-PLANT-002-2026-08-18,PLANT-002,2026-08-18,8801.59,9240,0.9473,FINAL,2026-08-19T06:00:00Z,2026-09-01T10:00:00Z,batch-20260901-001
GEN-PLANT-003-2026-08-18,PLANT-003,2026-08-18,4018.57,4312,0.9139,FINAL,2026-08-19T06:00:00Z,2026-09-01T10:00:00Z,batch-20260901-001
GEN-PLANT-004-2026-08-18,PLANT-004,2026-08-18,9280.61,10850,0.9181,FINAL,2026-08-19T06:00:00Z,2026-09-01T10:00:00Z,batch-20260901-001
GEN-PLANT-005-2026-08-18,PLANT-005,2026-08-18,18230.94,19840,0.919,FINAL,2026-08-19T06:00:00Z,2026-09-01T10:00:00Z,batch-20260901-001
GEN-PLANT-006-2026-08-18,PLANT-006,2026-08-18,4793.83,5544,0.9626,FINAL,2026-08-19T06:00:00Z,2026-09-01T10:00:00Z,batch-20260901-001
GEN-PLANT-007-2026-08-18,PLANT-007,2026-08-18,7793.49,8272,0.9199,FINAL,2026-08-19T06:00:00Z,2026-09-01T10:00:00Z,batch-20260901-001
GEN-PLANT-008-2026-08-18,PLANT-008,2026-08-18,1921.38,2200,0.9758,FINAL,2026-08-19T06:00:00Z,2026-09-01T10:00:00Z,batch-20260901-001
GEN-PLANT-001-2026-08-19,PLANT-001,2026-08-19,5817.15,6380,0.9721,FINAL,2026-08-20T06:00:00Z,2026-09-01T10:00:00Z,batch-20260901-001
GEN-PLANT-002-2026-08-19,PLANT-002,2026-08-19,8140.44,9240,0.9948,FINAL,2026-08-20T06:00:00Z,2026-09-01T10:00:00Z,batch-20260901-001
GEN-PLANT-003-2026-08-19,PLANT-003,2026-08-19,4321.49,4312,0.9752,FINAL,2026-08-20T06:00:00Z,2026-09-01T10:00:00Z,batch-20260901-001
GEN-PLANT-004-2026-08-19,PLANT-004,2026-08-19,9628.38,10850,0.9325,FINAL,2026-08-20T06:00:00Z,2026-09-01T10:00:00Z,batch-20260901-001
GEN-PLANT-005-2026-08-19,PLANT-005,2026-08-19,17780.31,19840,0.9457,FINAL,2026-08-20T06:00:00Z,2026-09-01T10:00:00Z,batch-20260901-001
GEN-PLANT-006-2026-08-19,PLANT-006,2026-08-19,5119.47,5544,0.9225,FINAL,2026-08-20T06:00:00Z,2026-09-01T10:00:00Z,batch-20260901-001
GEN-PLANT-007-2026-08-19,PLANT-007,2026-08-19,6841.96,8272,0.9179,FINAL,2026-08-20T06:00:00Z,2026-09-01T10:00:00Z,batch-20260901-001
GEN-PLANT-008-2026-08-19,PLANT-008,2026-08-19,2145.98,2200,0.9406,FINAL,2026-08-20T06:00:00Z,2026-09-01T10:00:00Z,batch-20260901-001
GEN-PLANT-001-2026-08-20,PLANT-001,2026-08-20,5744.59,6380,0.9156,FINAL,2026-08-21T06:00:00Z,2026-09-01T10:00:00Z,batch-20260901-001
GEN-PLANT-002-2026-08-20,PLANT-002,2026-08-20,7983.18,9240,0.9411,FINAL,2026-08-21T06:00:00Z,2026-09-01T10:00:00Z,batch-20260901-001
GEN-PLANT-003-2026-08-20,PLANT-003,2026-08-20,3939.28,4312,0.9698,FINAL,2026-08-21T06:00:00Z,2026-09-01T10:00:00Z,batch-20260901-001
GEN-PLANT-004-2026-08-20,PLANT-004,2026-08-20,9909.37,10850,0.9501,FINAL,2026-08-21T06:00:00Z,2026-09-01T10:00:00Z,batch-20260901-001
GEN-PLANT-005-2026-08-20,PLANT-005,2026-08-20,20556.08,19840,0.9792,FINAL,2026-08-21T06:00:00Z,2026-09-01T10:00:00Z,batch-20260901-001
GEN-PLANT-006-2026-08-20,PLANT-006,2026-08-20,5627.73,5544,0.9678,FINAL,2026-08-21T06:00:00Z,2026-09-01T10:00:00Z,batch-20260901-001
GEN-PLANT-007-2026-08-20,PLANT-007,2026-08-20,6760.65,8272,0.9176,FINAL,2026-08-21T06:00:00Z,2026-09-01T10:00:00Z,batch-20260901-001
GEN-PLANT-008-2026-08-20,PLANT-008,2026-08-20,2034.71,2200,0.9271,FINAL,2026-08-21T06:00:00Z,2026-09-01T10:00:00Z,batch-20260901-001
GEN-PLANT-001-2026-08-21,PLANT-001,2026-08-21,5887.5,6380,0.9769,FINAL,2026-08-22T06:00:00Z,2026-09-01T10:00:00Z,batch-20260901-001
GEN-PLANT-002-2026-08-21,PLANT-002,2026-08-21,7727.01,9240,0.9404,FINAL,2026-08-22T06:00:00Z,2026-09-01T10:00:00Z,batch-20260901-001
GEN-PLANT-003-2026-08-21,PLANT-003,2026-08-21,4271.6,4312,0.9662,FINAL,2026-08-22T06:00:00Z,2026-09-01T10:00:00Z,batch-20260901-001
GEN-PLANT-004-2026-08-21,PLANT-004,2026-08-21,10355.09,10850,0.9755,FINAL,2026-08-22T06:00:00Z,2026-09-01T10:00:00Z,batch-20260901-001
GEN-PLANT-005-2026-08-21,PLANT-005,2026-08-21,19052.93,19840,0.9396,FINAL,2026-08-22T06:00:00Z,2026-09-01T10:00:00Z,batch-20260901-001
GEN-PLANT-006-2026-08-21,PLANT-006,2026-08-21,4664.8,5544,0.9239,FINAL,2026-08-22T06:00:00Z,2026-09-01T10:00:00Z,batch-20260901-001
GEN-PLANT-007-2026-08-21,PLANT-007,2026-08-21,7534.94,8272,0.9886,FINAL,2026-08-22T06:00:00Z,2026-09-01T10:00:00Z,batch-20260901-001
GEN-PLANT-008-2026-08-21,PLANT-008,2026-08-21,1902.76,2200,0.9213,FINAL,2026-08-22T06:00:00Z,2026-09-01T10:00:00Z,batch-20260901-001
GEN-PLANT-001-2026-08-22,PLANT-001,2026-08-22,6427.69,6380,0.981,FINAL,2026-08-23T06:00:00Z,2026-09-01T10:00:00Z,batch-20260901-001
GEN-PLANT-002-2026-08-22,PLANT-002,2026-08-22,9400.97,9240,0.9945,FINAL,2026-08-23T06:00:00Z,2026-09-01T10:00:00Z,batch-20260901-001
GEN-PLANT-003-2026-08-22,PLANT-003,2026-08-22,3693.98,4312,0.9324,FINAL,2026-08-23T06:00:00Z,2026-09-01T10:00:00Z,batch-20260901-001
GEN-PLANT-004-2026-08-22,PLANT-004,2026-08-22,9781.24,10850,0.9802,FINAL,2026-08-23T06:00:00Z,2026-09-01T10:00:00Z,batch-20260901-001
GEN-PLANT-005-2026-08-22,PLANT-005,2026-08-22,18701.86,19840,0.9555,FINAL,2026-08-23T06:00:00Z,2026-09-01T10:00:00Z,batch-20260901-001
GEN-PLANT-006-2026-08-22,PLANT-006,2026-08-22,4957.36,5544,0.9608,FINAL,2026-08-23T06:00:00Z,2026-09-01T10:00:00Z,batch-20260901-001
GEN-PLANT-007-2026-08-22,PLANT-007,2026-08-22,7729.17,8272,0.9482,FINAL,2026-08-23T06:00:00Z,2026-09-01T10:00:00Z,batch-20260901-001
GEN-PLANT-008-2026-08-22,PLANT-008,2026-08-22,1854,2200,0.9531,FINAL,2026-08-23T06:00:00Z,2026-09-01T10:00:00Z,batch-20260901-001
GEN-PLANT-001-2026-08-23,PLANT-001,2026-08-23,5868.04,6380,0.9761,FINAL,2026-08-24T06:00:00Z,2026-09-01T10:00:00Z,batch-20260901-001
GEN-PLANT-002-2026-08-23,PLANT-002,2026-08-23,8813.41,9240,0.9696,FINAL,2026-08-24T06:00:00Z,2026-09-01T10:00:00Z,batch-20260901-001
GEN-PLANT-003-2026-08-23,PLANT-003,2026-08-23,4135.42,4312,0.9187,FINAL,2026-08-24T06:00:00Z,2026-09-01T10:00:00Z,batch-20260901-001
GEN-PLANT-004-2026-08-23,PLANT-004,2026-08-23,11038.68,10850,0.9786,FINAL,2026-08-24T06:00:00Z,2026-09-01T10:00:00Z,batch-20260901-001
GEN-PLANT-005-2026-08-23,PLANT-005,2026-08-23,17645.36,19840,0.915,FINAL,2026-08-24T06:00:00Z,2026-09-01T10:00:00Z,batch-20260901-001
GEN-PLANT-006-2026-08-23,PLANT-006,2026-08-23,4801.07,5544,0.9372,FINAL,2026-08-24T06:00:00Z,2026-09-01T10:00:00Z,batch-20260901-001
GEN-PLANT-007-2026-08-23,PLANT-007,2026-08-23,7151.63,8272,0.9392,FINAL,2026-08-24T06:00:00Z,2026-09-01T10:00:00Z,batch-20260901-001
GEN-PLANT-008-2026-08-23,PLANT-008,2026-08-23,2208.82,2200,0.9483,FINAL,2026-08-24T06:00:00Z,2026-09-01T10:00:00Z,batch-20260901-001
GEN-PLANT-001-2026-08-24,PLANT-001,2026-08-24,6341.13,6380,0.9845,FINAL,2026-08-25T06:00:00Z,2026-09-01T10:00:00Z,batch-20260901-001
GEN-PLANT-002-2026-08-24,PLANT-002,2026-08-24,9103.17,9240,0.9348,FINAL,2026-08-25T06:00:00Z,2026-09-01T10:00:00Z,batch-20260901-001
GEN-PLANT-003-2026-08-24,PLANT-003,2026-08-24,3804.76,4312,0.9811,FINAL,2026-08-25T06:00:00Z,2026-09-01T10:00:00Z,batch-20260901-001
GEN-PLANT-004-2026-08-24,PLANT-004,2026-08-24,10623.7,10850,0.9735,FINAL,2026-08-25T06:00:00Z,2026-09-01T10:00:00Z,batch-20260901-001
GEN-PLANT-005-2026-08-24,PLANT-005,2026-08-24,20268.28,19840,0.9696,FINAL,2026-08-25T06:00:00Z,2026-09-01T10:00:00Z,batch-20260901-001
GEN-PLANT-006-2026-08-24,PLANT-006,2026-08-24,4760.91,5544,0.9549,FINAL,2026-08-25T06:00:00Z,2026-09-01T10:00:00Z,batch-20260901-001
GEN-PLANT-007-2026-08-24,PLANT-007,2026-08-24,7934.17,8272,0.9842,FINAL,2026-08-25T06:00:00Z,2026-09-01T10:00:00Z,batch-20260901-001
GEN-PLANT-008-2026-08-24,PLANT-008,2026-08-24,1900.84,2200,0.9538,FINAL,2026-08-25T06:00:00Z,2026-09-01T10:00:00Z,batch-20260901-001
GEN-PLANT-001-2026-08-25,PLANT-001,2026-08-25,6641.5,6380,0.9903,FINAL,2026-08-26T06:00:00Z,2026-09-01T10:00:00Z,batch-20260901-001
GEN-PLANT-002-2026-08-25,PLANT-002,2026-08-25,8967.4,9240,0.9424,FINAL,2026-08-26T06:00:00Z,2026-09-01T10:00:00Z,batch-20260901-001
GEN-PLANT-003-2026-08-25,PLANT-003,2026-08-25,4119.14,4312,0.9653,FINAL,2026-08-26T06:00:00Z,2026-09-01T10:00:00Z,batch-20260901-001
GEN-PLANT-004-2026-08-25,PLANT-004,2026-08-25,9477.22,10850,0.9631,FINAL,2026-08-26T06:00:00Z,2026-09-01T10:00:00Z,batch-20260901-001
GEN-PLANT-005-2026-08-25,PLANT-005,2026-08-25,17638.53,19840,0.9401,FINAL,2026-08-26T06:00:00Z,2026-09-01T10:00:00Z,batch-20260901-001
GEN-PLANT-006-2026-08-25,PLANT-006,2026-08-25,5635.72,5544,0.9947,FINAL,2026-08-26T06:00:00Z,2026-09-01T10:00:00Z,batch-20260901-001
GEN-PLANT-007-2026-08-25,PLANT-007,2026-08-25,8167.3,8272,0.9896,FINAL,2026-08-26T06:00:00Z,2026-09-01T10:00:00Z,batch-20260901-001
GEN-PLANT-008-2026-08-25,PLANT-008,2026-08-25,2076.93,2200,0.9525,FINAL,2026-08-26T06:00:00Z,2026-09-01T10:00:00Z,batch-20260901-001
GEN-PLANT-001-2026-08-26,PLANT-001,2026-08-26,5212.38,6380,0.9113,FINAL,2026-08-27T06:00:00Z,2026-09-01T10:00:00Z,batch-20260901-001
GEN-PLANT-002-2026-08-26,PLANT-002,2026-08-26,8574.35,9240,0.9405,FINAL,2026-08-27T06:00:00Z,2026-09-01T10:00:00Z,batch-20260901-001
GEN-PLANT-003-2026-08-26,PLANT-003,2026-08-26,3882.54,4312,0.9743,FINAL,2026-08-27T06:00:00Z,2026-09-01T10:00:00Z,batch-20260901-001
GEN-PLANT-004-2026-08-26,PLANT-004,2026-08-26,10366.64,10850,0.9484,FINAL,2026-08-27T06:00:00Z,2026-09-01T10:00:00Z,batch-20260901-001
GEN-PLANT-005-2026-08-26,PLANT-005,2026-08-26,18546.27,19840,0.9946,FINAL,2026-08-27T06:00:00Z,2026-09-01T10:00:00Z,batch-20260901-001
GEN-PLANT-006-2026-08-26,PLANT-006,2026-08-26,5006.99,5544,0.9769,FINAL,2026-08-27T06:00:00Z,2026-09-01T10:00:00Z,batch-20260901-001
GEN-PLANT-007-2026-08-26,PLANT-007,2026-08-26,7016.06,8272,0.9414,FINAL,2026-08-27T06:00:00Z,2026-09-01T10:00:00Z,batch-20260901-001
GEN-PLANT-008-2026-08-26,PLANT-008,2026-08-26,1783.85,2200,0.9192,FINAL,2026-08-27T06:00:00Z,2026-09-01T10:00:00Z,batch-20260901-001
GEN-PLANT-001-2026-08-27,PLANT-001,2026-08-27,5524.23,6380,0.9318,FINAL,2026-08-28T06:00:00Z,2026-09-01T10:00:00Z,batch-20260901-001
GEN-PLANT-002-2026-08-27,PLANT-002,2026-08-27,8022.37,9240,0.9578,FINAL,2026-08-28T06:00:00Z,2026-09-01T10:00:00Z,batch-20260901-001
GEN-PLANT-003-2026-08-27,PLANT-003,2026-08-27,3523.93,4312,0.9253,FINAL,2026-08-28T06:00:00Z,2026-09-01T10:00:00Z,batch-20260901-001
GEN-PLANT-004-2026-08-27,PLANT-004,2026-08-27,10110.04,10850,0.963,FINAL,2026-08-28T06:00:00Z,2026-09-01T10:00:00Z,batch-20260901-001
GEN-PLANT-005-2026-08-27,PLANT-005,2026-08-27,18303.22,19840,0.9891,FINAL,2026-08-28T06:00:00Z,2026-09-01T10:00:00Z,batch-20260901-001
GEN-PLANT-006-2026-08-27,PLANT-006,2026-08-27,5307.57,5544,0.911,FINAL,2026-08-28T06:00:00Z,2026-09-01T10:00:00Z,batch-20260901-001
GEN-PLANT-007-2026-08-27,PLANT-007,2026-08-27,6926.21,8272,0.9221,FINAL,2026-08-28T06:00:00Z,2026-09-01T10:00:00Z,batch-20260901-001
GEN-PLANT-008-2026-08-27,PLANT-008,2026-08-27,2232.66,2200,0.9731,FINAL,2026-08-28T06:00:00Z,2026-09-01T10:00:00Z,batch-20260901-001
GEN-PLANT-001-2026-08-28,PLANT-001,2026-08-28,5755.68,6380,0.9737,FINAL,2026-08-29T06:00:00Z,2026-09-01T10:00:00Z,batch-20260901-001
GEN-PLANT-002-2026-08-28,PLANT-002,2026-08-28,8918.64,9240,0.9446,FINAL,2026-08-29T06:00:00Z,2026-09-01T10:00:00Z,batch-20260901-001
GEN-PLANT-003-2026-08-28,PLANT-003,2026-08-28,4343.87,4312,0.9547,FINAL,2026-08-29T06:00:00Z,2026-09-01T10:00:00Z,batch-20260901-001
GEN-PLANT-004-2026-08-28,PLANT-004,2026-08-28,10010.59,10850,0.9162,FINAL,2026-08-29T06:00:00Z,2026-09-01T10:00:00Z,batch-20260901-001
GEN-PLANT-005-2026-08-28,PLANT-005,2026-08-28,19645.18,19840,0.9483,FINAL,2026-08-29T06:00:00Z,2026-09-01T10:00:00Z,batch-20260901-001
GEN-PLANT-006-2026-08-28,PLANT-006,2026-08-28,5337.85,5544,0.9522,FINAL,2026-08-29T06:00:00Z,2026-09-01T10:00:00Z,batch-20260901-001
GEN-PLANT-007-2026-08-28,PLANT-007,2026-08-28,7796.28,8272,0.9605,FINAL,2026-08-29T06:00:00Z,2026-09-01T10:00:00Z,batch-20260901-001
GEN-PLANT-008-2026-08-28,PLANT-008,2026-08-28,2025.44,2200,0.9282,FINAL,2026-08-29T06:00:00Z,2026-09-01T10:00:00Z,batch-20260901-001
GEN-PLANT-001-2026-08-29,PLANT-001,2026-08-29,5803.48,6380,0.9532,FINAL,2026-08-30T06:00:00Z,2026-09-01T10:00:00Z,batch-20260901-001
GEN-PLANT-002-2026-08-29,PLANT-002,2026-08-29,8448.74,9240,0.9592,FINAL,2026-08-30T06:00:00Z,2026-09-01T10:00:00Z,batch-20260901-001
GEN-PLANT-003-2026-08-29,PLANT-003,2026-08-29,3808.79,4312,0.9582,FINAL,2026-08-30T06:00:00Z,2026-09-01T10:00:00Z,batch-20260901-001
GEN-PLANT-004-2026-08-29,PLANT-004,2026-08-29,8949.15,10850,0.9357,FINAL,2026-08-30T06:00:00Z,2026-09-01T10:00:00Z,batch-20260901-001
GEN-PLANT-005-2026-08-29,PLANT-005,2026-08-29,18872.47,19840,0.9279,FINAL,2026-08-30T06:00:00Z,2026-09-01T10:00:00Z,batch-20260901-001
GEN-PLANT-006-2026-08-29,PLANT-006,2026-08-29,5013.52,5544,0.9365,FINAL,2026-08-30T06:00:00Z,2026-09-01T10:00:00Z,batch-20260901-001
GEN-PLANT-007-2026-08-29,PLANT-007,2026-08-29,8281.76,8272,0.9626,FINAL,2026-08-30T06:00:00Z,2026-09-01T10:00:00Z,batch-20260901-001
GEN-PLANT-008-2026-08-29,PLANT-008,2026-08-29,2011.37,2200,0.9467,FINAL,2026-08-30T06:00:00Z,2026-09-01T10:00:00Z,batch-20260901-001
GEN-PLANT-001-2026-08-30,PLANT-001,2026-08-30,5535.02,6380,0.953,FINAL,2026-08-31T06:00:00Z,2026-09-01T10:00:00Z,batch-20260901-001
GEN-PLANT-002-2026-08-30,PLANT-002,2026-08-30,8806.25,9240,0.9234,FINAL,2026-08-31T06:00:00Z,2026-09-01T10:00:00Z,batch-20260901-001
GEN-PLANT-003-2026-08-30,PLANT-003,2026-08-30,3868.28,4312,0.9228,FINAL,2026-08-31T06:00:00Z,2026-09-01T10:00:00Z,batch-20260901-001
GEN-PLANT-004-2026-08-30,PLANT-004,2026-08-30,9972.46,10850,0.9438,FINAL,2026-08-31T06:00:00Z,2026-09-01T10:00:00Z,batch-20260901-001
GEN-PLANT-005-2026-08-30,PLANT-005,2026-08-30,17424.23,19840,0.934,FINAL,2026-08-31T06:00:00Z,2026-09-01T10:00:00Z,batch-20260901-001
GEN-PLANT-006-2026-08-30,PLANT-006,2026-08-30,5756.63,5544,0.9932,FINAL,2026-08-31T06:00:00Z,2026-09-01T10:00:00Z,batch-20260901-001
GEN-PLANT-007-2026-08-30,PLANT-007,2026-08-30,7572.96,8272,0.979,FINAL,2026-08-31T06:00:00Z,2026-09-01T10:00:00Z,batch-20260901-001
GEN-PLANT-008-2026-08-30,PLANT-008,2026-08-30,2018.72,2200,0.9813,FINAL,2026-08-31T06:00:00Z,2026-09-01T10:00:00Z,batch-20260901-001
GEN-PLANT-001-2026-08-31,PLANT-001,2026-08-31,5930.34,6380,0.9427,FINAL,2026-09-01T06:00:00Z,2026-09-01T10:00:00Z,batch-20260901-001
GEN-PLANT-002-2026-08-31,PLANT-002,2026-08-31,8264.97,9240,0.9341,FINAL,2026-09-01T06:00:00Z,2026-09-01T10:00:00Z,batch-20260901-001
GEN-PLANT-003-2026-08-31,PLANT-003,2026-08-31,3949.66,4312,0.912,FINAL,2026-09-01T06:00:00Z,2026-09-01T10:00:00Z,batch-20260901-001
GEN-PLANT-004-2026-08-31,PLANT-004,2026-08-31,10171.29,10850,0.9727,FINAL,2026-09-01T06:00:00Z,2026-09-01T10:00:00Z,batch-20260901-001
GEN-PLANT-005-2026-08-31,PLANT-005,2026-08-31,20073.88,19840,0.9842,FINAL,2026-09-01T06:00:00Z,2026-09-01T10:00:00Z,batch-20260901-001
GEN-PLANT-006-2026-08-31,PLANT-006,2026-08-31,5494.98,5544,0.9657,FINAL,2026-09-01T06:00:00Z,2026-09-01T10:00:00Z,batch-20260901-001
GEN-PLANT-007-2026-08-31,PLANT-007,2026-08-31,7565.75,8272,0.9862,FINAL,2026-09-01T06:00:00Z,2026-09-01T10:00:00Z,batch-20260901-001
GEN-PLANT-008-2026-08-31,PLANT-008,2026-08-31,2091.08,2200,0.9199,FINAL,2026-09-01T06:00:00Z,2026-09-01T10:00:00Z,batch-20260901-001
GEN-PLANT-002-2026-07-20,PLANT-002,2026-07-20,8421.75,9240,0.976,FINAL,2026-08-31T23:30:00Z,2026-09-01T10:00:00Z,batch-20260901-001
GEN-PLANT-001-2026-07-15,PLANT-001,2026-07-15,5614.12,6380,0.913,CORRECTED,2026-08-30T21:00:00Z,2026-09-01T10:00:00Z,batch-20260901-001
